daily_gas_used,date
41125962330,2018-06-22
37538683842,2018-06-23
37766116343,2018-06-24
39561080187,2018-06-25
40332977332,2018-06-26
40864261407,2018-06-27
39894207185,2018-06-28
39736452466,2018-06-29
43198504937,2018-06-30
44488940344,2018-07-01
44404968907,2018-07-02
43846733107,2018-07-03
44217212865,2018-07-04
43708739479,2018-07-05
43800194753,2018-07-06
43915762993,2018-07-07
40014392256,2018-07-08
43370048739,2018-07-09
41955002881,2018-07-10
43295332506,2018-07-11
44381477988,2018-07-12
45174377640,2018-07-13
45339386076,2018-07-14
44771824983,2018-07-15
42426180825,2018-07-16
42775974221,2018-07-17
41585774372,2018-07-18
42622517258,2018-07-19
43131472783,2018-07-20
43864730065,2018-07-21
43718533062,2018-07-22
43024639945,2018-07-23
42124303763,2018-07-24
43026887911,2018-07-25
42724863719,2018-07-26
40948763650,2018-07-27
38139349291,2018-07-28
37996724160,2018-07-29
41041055047,2018-07-30
41618055271,2018-07-31
42526840694,2018-08-01
42443634801,2018-08-02
42732264360,2018-08-03
42791545877,2018-08-04
42056443073,2018-08-05
43179622616,2018-08-06
44131622117,2018-08-07
45482310042,2018-08-08
44754521771,2018-08-09
42518070498,2018-08-10
39509179747,2018-08-11
38881712910,2018-08-12
39251046406,2018-08-13
39261426596,2018-08-14
41849321266,2018-08-15
41774666889,2018-08-16
42623243529,2018-08-17
42738980903,2018-08-18
41824772924,2018-08-19
41473658621,2018-08-20
42801247581,2018-08-21
42400085544,2018-08-22
42170106982,2018-08-23
42813642424,2018-08-24
42353325363,2018-08-25
42435122947,2018-08-26
41639143029,2018-08-27
42639120902,2018-08-28
41016540574,2018-08-29
41775143400,2018-08-30
42422842496,2018-08-31
41962410973,2018-09-01
41828966851,2018-09-02
41380404933,2018-09-03
41700209355,2018-09-04
40277339979,2018-09-05
41844295436,2018-09-06
41851443895,2018-09-07
42687384413,2018-09-08
42015802006,2018-09-09
41706065010,2018-09-10
40623580410,2018-09-11
41968405306,2018-09-12
40125460418,2018-09-13
41289957926,2018-09-14
42642844329,2018-09-15
42478630813,2018-09-16
42156342856,2018-09-17
41135032608,2018-09-18
42834301329,2018-09-19
40659297074,2018-09-20
41737250293,2018-09-21
41205336647,2018-09-22
41038492835,2018-09-23
41581136430,2018-09-24
42006670219,2018-09-25
43033396036,2018-09-26
42575076200,2018-09-27
42098982996,2018-09-28
39796949930,2018-09-29
39391455096,2018-09-30
38583903369,2018-10-01
39337916125,2018-10-02
40516803371,2018-10-03
40898314334,2018-10-04
39748882508,2018-10-05
39592284436,2018-10-06
33980367149,2018-10-07
36589051726,2018-10-08
37002537399,2018-10-09
34219858113,2018-10-10
37724015884,2018-10-11
38569009830,2018-10-12
36293556326,2018-10-13
35452573090,2018-10-14
33392147626,2018-10-15
35852217291,2018-10-16
36427604938,2018-10-17
36653273595,2018-10-18
35213124838,2018-10-19
35804024104,2018-10-20
35964956291,2018-10-21
37374204230,2018-10-22
36491674106,2018-10-23
37872420948,2018-10-24
39982833755,2018-10-25
37793198087,2018-10-26
34911178339,2018-10-27
34802398631,2018-10-28
35643224358,2018-10-29
35022944604,2018-10-30
35625151983,2018-10-31
34818807705,2018-11-01
34824065098,2018-11-02
33994631119,2018-11-03
34554032159,2018-11-04
35493731927,2018-11-05
35256316144,2018-11-06
35288255199,2018-11-07
34946503380,2018-11-08
34371853440,2018-11-09
35065223346,2018-11-10
35284181527,2018-11-11
35149346499,2018-11-12
34018905246,2018-11-13
35767814661,2018-11-14
35082177150,2018-11-15
35450852388,2018-11-16
35008930509,2018-11-17
36407485765,2018-11-18
39229097540,2018-11-19
37853937087,2018-11-20
37014296498,2018-11-21
35315094150,2018-11-22
36178832364,2018-11-23
32431469982,2018-11-24
33955416211,2018-11-25
35220313039,2018-11-26
36460736247,2018-11-27
38288924972,2018-11-28
40601167308,2018-11-29
41513770519,2018-11-30
37895005879,2018-12-01
36985040836,2018-12-02
38477221360,2018-12-03
38520539588,2018-12-04
39854329248,2018-12-05
39006302999,2018-12-06
37636438028,2018-12-07
36352536299,2018-12-08
36091932040,2018-12-09
36062991504,2018-12-10
35602677832,2018-12-11
35641296996,2018-12-12
36394508463,2018-12-13
35325385401,2018-12-14
36419053601,2018-12-15
35844796038,2018-12-16
36084235295,2018-12-17
36559260863,2018-12-18
36778159014,2018-12-19
37068937640,2018-12-20
36597574959,2018-12-21
34880980408,2018-12-22
35304014246,2018-12-23
36895129124,2018-12-24
37632259136,2018-12-25
36702456929,2018-12-26
35152024658,2018-12-27
36163977613,2018-12-28
35151969926,2018-12-29
37036309989,2018-12-30
35121491661,2018-12-31
33003248434,2019-01-01
35435884801,2019-01-02
33988178009,2019-01-03
33803233584,2019-01-04
32361006658,2019-01-05
30186019014,2019-01-06
31934490080,2019-01-07
31200726241,2019-01-08
31321818347,2019-01-09
32220047118,2019-01-10
33344122823,2019-01-11
29728716137,2019-01-12
29568223014,2019-01-13
33493945330,2019-01-14
31595826103,2019-01-15
32260837960,2019-01-16
31063271496,2019-01-17
32042569120,2019-01-18
33993234769,2019-01-19
33253363997,2019-01-20
34000481665,2019-01-21
34711970508,2019-01-22
31785798550,2019-01-23
31798921264,2019-01-24
30989472859,2019-01-25
33323587600,2019-01-26
31556022389,2019-01-27
33482861686,2019-01-28
32936747325,2019-01-29
33023211511,2019-01-30
35336403533,2019-01-31
32833526352,2019-02-01
30351303681,2019-02-02
28133598262,2019-02-03
28226086060,2019-02-04
28099781826,2019-02-05
28740956755,2019-02-06
29501173599,2019-02-07
30377537618,2019-02-08
29765635448,2019-02-09
26794646878,2019-02-10
27701803516,2019-02-11
28609441186,2019-02-12
29666839926,2019-02-13
29139449129,2019-02-14
30227583358,2019-02-15
30057634803,2019-02-16
29940808518,2019-02-17
31223109142,2019-02-18
32033122859,2019-02-19
31734662772,2019-02-20
32176024711,2019-02-21
31980015481,2019-02-22
31537945053,2019-02-23
31415391506,2019-02-24
32480104651,2019-02-25
32866137799,2019-02-26
32659898378,2019-02-27
33089095724,2019-02-28
39492806014,2019-03-01
38675982064,2019-03-02
36276738891,2019-03-03
41866940088,2019-03-04
40004931167,2019-03-05
37869758674,2019-03-06
37836693708,2019-03-07
38885568407,2019-03-08
38357994669,2019-03-09
36334557582,2019-03-10
38991552922,2019-03-11
39113647769,2019-03-12
41253884612,2019-03-13
40441525287,2019-03-14
39845970884,2019-03-15
37786787412,2019-03-16
36775053604,2019-03-17
42785944767,2019-03-18
42726696514,2019-03-19
42228719065,2019-03-20
46100304640,2019-03-21
43396790073,2019-03-22
39848479263,2019-03-23
39381538973,2019-03-24
41653960005,2019-03-25
42101191569,2019-03-26
43068932231,2019-03-27
40908077925,2019-03-28
45471659813,2019-03-29
43971609134,2019-03-30
44876931800,2019-03-31
44164601389,2019-04-01
44957091836,2019-04-02
46032736395,2019-04-03
42333468791,2019-04-04
38885727716,2019-04-05
37519636709,2019-04-06
36717155468,2019-04-07
42343595159,2019-04-08
39795673953,2019-04-09
43506452011,2019-04-10
44624694110,2019-04-11
41049837001,2019-04-12
37558504249,2019-04-13
37498770024,2019-04-14
42125589177,2019-04-15
45258931145,2019-04-16
42368840833,2019-04-17
44066495683,2019-04-18
40428663735,2019-04-19
38850909492,2019-04-20
41621625786,2019-04-21
41885538038,2019-04-22
42517699064,2019-04-23
41216931652,2019-04-24
39261136384,2019-04-25
40695830153,2019-04-26
34736330703,2019-04-27
37424405577,2019-04-28
38832371504,2019-04-29
42203569514,2019-04-30
41159294435,2019-05-01
45299563780,2019-05-02
41361144152,2019-05-03
38800031440,2019-05-04
39820143024,2019-05-05
45268734262,2019-05-06
49200070678,2019-05-07
45577854352,2019-05-08
44911545943,2019-05-09
45468860091,2019-05-10
43827817371,2019-05-11
42502018958,2019-05-12
44319266566,2019-05-13
47898145663,2019-05-14
48954515431,2019-05-15
48113650406,2019-05-16
48618953803,2019-05-17
48054490723,2019-05-18
45991445956,2019-05-19
46490927194,2019-05-20
46798238327,2019-05-21
47131876108,2019-05-22
47034333692,2019-05-23
46240780954,2019-05-24
44898486379,2019-05-25
42583152151,2019-05-26
47430272351,2019-05-27
46715959358,2019-05-28
49428569541,2019-05-29
46390084713,2019-05-30
47388812004,2019-05-31
47405557702,2019-06-01
44769162038,2019-06-02
46415901420,2019-06-03
46907686393,2019-06-04
45925073341,2019-06-05
47488881496,2019-06-06
44792873290,2019-06-07
46158076171,2019-06-08
44469327937,2019-06-09
47045899025,2019-06-10
47426348257,2019-06-11
46735103075,2019-06-12
46624984363,2019-06-13
46728818044,2019-06-14
46427635034,2019-06-15
44550294581,2019-06-16
46774789321,2019-06-17
46908532171,2019-06-18
47205378970,2019-06-19
47269497892,2019-06-20
43235979670,2019-06-21
42121083318,2019-06-22
41383634266,2019-06-23
43990077378,2019-06-24
46501462723,2019-06-25
48289883817,2019-06-26
48133692416,2019-06-27
47291628386,2019-06-28
39067810188,2019-06-29
38336674190,2019-06-30
45344763932,2019-07-01
45867632626,2019-07-02
45070792888,2019-07-03
42018485421,2019-07-04
42757619462,2019-07-05
42395644317,2019-07-06
38313122785,2019-07-07
43126652726,2019-07-08
43512684109,2019-07-09
41422146250,2019-07-10
46159535970,2019-07-11
42224620312,2019-07-12
35825926651,2019-07-13
39705416467,2019-07-14
44821550997,2019-07-15
46946508387,2019-07-16
45912246701,2019-07-17
42308351032,2019-07-18
42607042444,2019-07-19
37441489500,2019-07-20
34648121160,2019-07-21
38019129426,2019-07-22
37811798834,2019-07-23
44689377183,2019-07-24
46474237829,2019-07-25
42118054888,2019-07-26
41403384044,2019-07-27
41129098255,2019-07-28
41155067512,2019-07-29
42730371291,2019-07-30
44244042637,2019-07-31
45804054979,2019-08-01
43536803726,2019-08-02
42680383250,2019-08-03
39830823823,2019-08-04
43560552634,2019-08-05
46886100509,2019-08-06
45672836936,2019-08-07
44538911388,2019-08-08
43115125687,2019-08-09
40088982424,2019-08-10
38949665017,2019-08-11
42577796470,2019-08-12
40873845857,2019-08-13
45768083246,2019-08-14
45183685444,2019-08-15
43135126310,2019-08-16
40373906182,2019-08-17
39566178905,2019-08-18
45669627303,2019-08-19
46597068075,2019-08-20
47126041360,2019-08-21
45883895326,2019-08-22
46275129570,2019-08-23
43277113542,2019-08-24
47286517120,2019-08-25
47724066795,2019-08-26
46880418768,2019-08-27
47067689762,2019-08-28
47730007865,2019-08-29
46872741785,2019-08-30
46586262444,2019-08-31
46832424388,2019-09-01
48017317687,2019-09-02
48260023664,2019-09-03
47867688166,2019-09-04
48654755131,2019-09-05
48393843986,2019-09-06
48445388062,2019-09-07
48195645938,2019-09-08
48458952085,2019-09-09
48081488368,2019-09-10
48239448228,2019-09-11
48344984686,2019-09-12
47584273799,2019-09-13
48639944783,2019-09-14
49266521151,2019-09-15
50849497612,2019-09-16
51391019813,2019-09-17
51977016254,2019-09-18
55115574985,2019-09-19
60985142877,2019-09-20
60696186533,2019-09-21
59761117346,2019-09-22
61335855030,2019-09-23
59539712548,2019-09-24
59906815257,2019-09-25
58269516973,2019-09-26
57744896153,2019-09-27
61185087057,2019-09-28
61260805071,2019-09-29
59673943289,2019-09-30
52214302353,2019-10-01
48878880741,2019-10-02
51914535580,2019-10-03
45801042281,2019-10-04
38511159290,2019-10-05
44092578607,2019-10-06
42622027759,2019-10-07
43735636376,2019-10-08
48135174273,2019-10-09
44105577971,2019-10-10
43330359021,2019-10-11
39653044119,2019-10-12
36314259282,2019-10-13
42121616853,2019-10-14
42669651206,2019-10-15
43336209621,2019-10-16
42844838747,2019-10-17
43317026368,2019-10-18
39364929976,2019-10-19
36913086963,2019-10-20
39584365741,2019-10-21
44495678581,2019-10-22
49302806624,2019-10-23
48150807813,2019-10-24
45236401811,2019-10-25
43301661037,2019-10-26
37459637913,2019-10-27
45119125200,2019-10-28
46595392516,2019-10-29
47316901395,2019-10-30
44009018315,2019-10-31
43341018580,2019-11-01
41336034648,2019-11-02
45720306249,2019-11-03
47423129126,2019-11-04
47791848741,2019-11-05
44747367249,2019-11-06
46648231470,2019-11-07
49638971151,2019-11-08
46816455368,2019-11-09
44417663000,2019-11-10
47634130165,2019-11-11
47293168961,2019-11-12
46891615561,2019-11-13
48159924765,2019-11-14
48992704671,2019-11-15
46961502077,2019-11-16
48245840968,2019-11-17
48831614895,2019-11-18
47630136796,2019-11-19
49240624453,2019-11-20
51389717849,2019-11-21
52613955655,2019-11-22
43088337503,2019-11-23
42976830054,2019-11-24
52942609717,2019-11-25
50766698512,2019-11-26
48798946576,2019-11-27
49358993008,2019-11-28
46432300183,2019-11-29
45092536865,2019-11-30
45058445772,2019-12-01
45080799116,2019-12-02
42814998356,2019-12-03
46325777453,2019-12-04
40510095163,2019-12-05
34563421103,2019-12-06
33608766474,2019-12-07
40696866511,2019-12-08
43591009997,2019-12-09
46900084279,2019-12-10
47274696199,2019-12-11
48532946599,2019-12-12
45831247725,2019-12-13
41365654486,2019-12-14
41002813057,2019-12-15
43673052186,2019-12-16
45444365541,2019-12-17
44535977097,2019-12-18
44015266160,2019-12-19
43764315827,2019-12-20
41232979706,2019-12-21
39960691944,2019-12-22
43311115546,2019-12-23
41654117615,2019-12-24
40400552329,2019-12-25
40544618397,2019-12-26
40728699398,2019-12-27
36514850071,2019-12-28
36926881547,2019-12-29
38597046855,2019-12-30
38724661994,2019-12-31
37252588523,2020-01-01
37401007834,2020-01-02
42156338080,2020-01-03
38519976135,2020-01-04
38136631874,2020-01-05
43476599616,2020-01-06
44717148451,2020-01-07
46760482174,2020-01-08
41800111747,2020-01-09
45333493352,2020-01-10
40461216396,2020-01-11
38262810189,2020-01-12
44096722963,2020-01-13
47788554210,2020-01-14
50927429508,2020-01-15
47069124564,2020-01-16
47935640257,2020-01-17
43955415421,2020-01-18
43520192510,2020-01-19
42802276265,2020-01-20
40989893283,2020-01-21
39494089439,2020-01-22
41268814436,2020-01-23
46916918197,2020-01-24
40895005001,2020-01-25
41774320296,2020-01-26
41696643604,2020-01-27
46548828415,2020-01-28
47553858615,2020-01-29
48070698029,2020-01-30
49797533211,2020-01-31
43479896535,2020-02-01
40890616521,2020-02-02
46772607826,2020-02-03
52689826166,2020-02-04
53526356990,2020-02-05
54895298505,2020-02-06
55784045722,2020-02-07
50778745873,2020-02-08
46556740964,2020-02-09
47848689826,2020-02-10
48862952698,2020-02-11
56439774554,2020-02-12
54341690171,2020-02-13
53566278106,2020-02-14
48348734941,2020-02-15
50035301631,2020-02-16
51077187350,2020-02-17
51221779974,2020-02-18
52381553165,2020-02-19
51277606849,2020-02-20
48417575142,2020-02-21
43491346884,2020-02-22
41792163742,2020-02-23
48876926215,2020-02-24
51884271215,2020-02-25
53850347749,2020-02-26
53163475330,2020-02-27
51842923985,2020-02-28
45011350618,2020-02-29
45516773430,2020-03-01
47587843775,2020-03-02
48931741376,2020-03-03
46376686562,2020-03-04
48903276946,2020-03-05
49932720284,2020-03-06
44754999036,2020-03-07
50372880650,2020-03-08
57016472406,2020-03-09
53784383731,2020-03-10
53755854268,2020-03-11
60344975807,2020-03-12
59286366848,2020-03-13
54346890493,2020-03-14
54349015591,2020-03-15
57541645870,2020-03-16
56352660359,2020-03-17
54469589757,2020-03-18
56536235506,2020-03-19
56211151962,2020-03-20
54196430512,2020-03-21
51498487034,2020-03-22
52081325185,2020-03-23
51784845088,2020-03-24
52189247501,2020-03-25
52819675574,2020-03-26
50533798925,2020-03-27
50443808690,2020-03-28
46154243067,2020-03-29
51856415380,2020-03-30
53251463510,2020-03-31
53724729266,2020-04-01
54438639831,2020-04-02
54695022078,2020-04-03
52289063471,2020-04-04
51544214831,2020-04-05
56442808331,2020-04-06
57689755869,2020-04-07
56608956597,2020-04-08
55200871445,2020-04-09
55904766737,2020-04-10
52723500759,2020-04-11
54001516503,2020-04-12
55319957809,2020-04-13
55863708449,2020-04-14
55429852615,2020-04-15
56619763901,2020-04-16
55840500974,2020-04-17
55666760771,2020-04-18
55637522167,2020-04-19
58003569050,2020-04-20
57648864495,2020-04-21
57627953770,2020-04-22
57751372311,2020-04-23
58012631744,2020-04-24
56265048485,2020-04-25
56822518657,2020-04-26
57777162666,2020-04-27
57111998222,2020-04-28
59328256056,2020-04-29
59393163755,2020-04-30
58577818369,2020-05-01
56134920644,2020-05-02
56725660233,2020-05-03
59692238949,2020-05-04
58665282405,2020-05-05
59265151973,2020-05-06
60571820160,2020-05-07
60696758898,2020-05-08
59665820926,2020-05-09
60742489664,2020-05-10
60254418696,2020-05-11
59640886588,2020-05-12
60785522007,2020-05-13
59039497276,2020-05-14
58437187826,2020-05-15
59832838339,2020-05-16
60679010954,2020-05-17
60132147047,2020-05-18
60096137190,2020-05-19
60796160156,2020-05-20
60452726303,2020-05-21
59995040596,2020-05-22
61715022794,2020-05-23
60606415190,2020-05-24
60236068286,2020-05-25
61220745729,2020-05-26
60585520791,2020-05-27
60735554282,2020-05-28
60640460546,2020-05-29
60637775951,2020-05-30
61262098625,2020-05-31
59471557463,2020-06-01
60706102750,2020-06-02
60284761837,2020-06-03
60926910515,2020-06-04
61551296562,2020-06-05
61170706175,2020-06-06
60788101629,2020-06-07
60072753727,2020-06-08
61135315543,2020-06-09
60351280662,2020-06-10
61217697157,2020-06-11
61194677007,2020-06-12
61059257790,2020-06-13
61809571553,2020-06-14
61138411674,2020-06-15
61039584875,2020-06-16
60975667307,2020-06-17
61097695528,2020-06-18
66983646759,2020-06-19
72681822008,2020-06-20
73836766712,2020-06-21
72575247224,2020-06-22
72966351016,2020-06-23
73602869107,2020-06-24
72199602580,2020-06-25
73241965946,2020-06-26
71578109896,2020-06-27
73800908303,2020-06-28
71410517005,2020-06-29
73403332220,2020-06-30
71268885960,2020-07-01
72177528544,2020-07-02
71846131678,2020-07-03
72867103705,2020-07-04
73009705937,2020-07-05
71954662682,2020-07-06
73090493464,2020-07-07
72993638087,2020-07-08
72845442335,2020-07-09
72280013322,2020-07-10
73016176115,2020-07-11
73130109394,2020-07-12
73886556034,2020-07-13
72956460781,2020-07-14
73823720747,2020-07-15
72512244494,2020-07-16
72031120254,2020-07-17
74068446149,2020-07-18
73522695272,2020-07-19
72807420565,2020-07-20
72752605012,2020-07-21
74027223219,2020-07-22
74677796733,2020-07-23
75061753243,2020-07-24
76203905995,2020-07-25
78306549441,2020-07-26
77447071989,2020-07-27
78112767375,2020-07-28
78178695620,2020-07-29
76393925734,2020-07-30
77859908512,2020-07-31
78103433534,2020-08-01
77676603717,2020-08-02
77368571564,2020-08-03
76775143760,2020-08-04
77381256698,2020-08-05
77512451362,2020-08-06
77597396348,2020-08-07
76824649153,2020-08-08
78461870944,2020-08-09
77843751348,2020-08-10
77380198897,2020-08-11
78159344782,2020-08-12
77902624956,2020-08-13
78438621379,2020-08-14
77868325048,2020-08-15
78480224623,2020-08-16
77438062630,2020-08-17
78966351045,2020-08-18
78650572994,2020-08-19
79127347365,2020-08-20
78593075364,2020-08-21
77589103667,2020-08-22
79294223632,2020-08-23
78841595220,2020-08-24
77564795200,2020-08-25
79255713214,2020-08-26
78286311045,2020-08-27
78431384816,2020-08-28
78479060191,2020-08-29
78785219452,2020-08-30
79537354648,2020-08-31
78864652350,2020-09-01
78427332335,2020-09-02
78206309568,2020-09-03
79483676612,2020-09-04
77954443723,2020-09-05
80182346297,2020-09-06
78175045408,2020-09-07
78768135313,2020-09-08
78589979592,2020-09-09
78653790746,2020-09-10
79743954147,2020-09-11
78766392267,2020-09-12
79414676613,2020-09-13
78374655817,2020-09-14
79616854718,2020-09-15
78395148873,2020-09-16
79873595957,2020-09-17
78014968707,2020-09-18
79260271727,2020-09-19
79770381516,2020-09-20
79398473332,2020-09-21
77952769536,2020-09-22
78908897036,2020-09-23
78965771608,2020-09-24
78061419942,2020-09-25
78220453442,2020-09-26
77233029341,2020-09-27
77900573330,2020-09-28
77338712664,2020-09-29
77674404203,2020-09-30
78153876267,2020-10-01
77517138592,2020-10-02
77452011331,2020-10-03
77660014098,2020-10-04
78308505105,2020-10-05
78748080741,2020-10-06
76951973014,2020-10-07
75376755869,2020-10-08
77358095734,2020-10-09
76570518580,2020-10-10
79787447919,2020-10-11
78296006648,2020-10-12
80097303404,2020-10-13
79548678329,2020-10-14
80135428559,2020-10-15
78927839076,2020-10-16
79294248001,2020-10-17
78441716920,2020-10-18
80374472990,2020-10-19
79106901755,2020-10-20
79400829057,2020-10-21
79548083646,2020-10-22
78857176259,2020-10-23
80086035236,2020-10-24
79043685989,2020-10-25
79018418691,2020-10-26
79864583745,2020-10-27
79793314114,2020-10-28
79579962714,2020-10-29
79190370544,2020-10-30
79269881218,2020-10-31
79283838653,2020-11-01
79013568281,2020-11-02
79617868730,2020-11-03
79492925790,2020-11-04
79337650111,2020-11-05
79585521676,2020-11-06
79094614181,2020-11-07
79702782471,2020-11-08
79397625999,2020-11-09
78794768472,2020-11-10
79641101166,2020-11-11
79710575348,2020-11-12
79737863173,2020-11-13
79754234413,2020-11-14
79667382986,2020-11-15
79059063494,2020-11-16
79423090028,2020-11-17
78886998728,2020-11-18
80650412451,2020-11-19
78541787070,2020-11-20
79853721557,2020-11-21
79156827331,2020-11-22
78784912579,2020-11-23
79716763050,2020-11-24
78853492731,2020-11-25
79351250096,2020-11-26
78392588609,2020-11-27
80424631325,2020-11-28
79312439260,2020-11-29
80199545798,2020-11-30
79418825126,2020-12-01
78456588924,2020-12-02
79667393222,2020-12-03
78650515103,2020-12-04
79131951066,2020-12-05
79869709891,2020-12-06
78812475592,2020-12-07
79149618632,2020-12-08
80410134701,2020-12-09
78461405162,2020-12-10
79417037036,2020-12-11
79202588970,2020-12-12
79222793968,2020-12-13
79650531212,2020-12-14
79088787327,2020-12-15
79964964629,2020-12-16
79641192332,2020-12-17
79062884025,2020-12-18
79610410275,2020-12-19
80322225206,2020-12-20
79555003523,2020-12-21
79416799896,2020-12-22
80403111772,2020-12-23
78884495208,2020-12-24
78460405977,2020-12-25
80394399993,2020-12-26
79619149302,2020-12-27
80355187233,2020-12-28
78501673212,2020-12-29
79688716123,2020-12-30
79189267407,2020-12-31
80038891441,2021-01-01
80948469861,2021-01-02
78955134702,2021-01-03
79464427883,2021-01-04
79844614999,2021-01-05
79409862801,2021-01-06
78649000525,2021-01-07
80669146918,2021-01-08
79098414154,2021-01-09
80047806722,2021-01-10
79933632401,2021-01-11
80332321479,2021-01-12
80376599422,2021-01-13
78306132000,2021-01-14
80309431740,2021-01-15
79464637657,2021-01-16
79105097999,2021-01-17
78882210030,2021-01-18
79303557688,2021-01-19
80233064915,2021-01-20
79430948162,2021-01-21
79078691115,2021-01-22
79897258632,2021-01-23
79292330473,2021-01-24
79682201352,2021-01-25
79443454330,2021-01-26
78852380274,2021-01-27
79431279022,2021-01-28
78954526916,2021-01-29
78022454246,2021-01-30
81106444836,2021-01-31
79271092808,2021-02-01
79406719924,2021-02-02
79259433587,2021-02-03
79265045459,2021-02-04
78968310019,2021-02-05
79460024500,2021-02-06
79817183641,2021-02-07
79021550203,2021-02-08
79191181760,2021-02-09
79658368148,2021-02-10
79286091308,2021-02-11
79689230772,2021-02-12
78479036060,2021-02-13
79959458077,2021-02-14
79238461219,2021-02-15
79189007248,2021-02-16
79989171756,2021-02-17
79043489986,2021-02-18
80367241529,2021-02-19
79291675220,2021-02-20
79220738588,2021-02-21
79403221327,2021-02-22
79501394236,2021-02-23
79162407167,2021-02-24
79592224698,2021-02-25
80052300871,2021-02-26
79557364672,2021-02-27
79052824388,2021-02-28
79071397736,2021-03-01
80265242586,2021-03-02
78431533869,2021-03-03
79353276424,2021-03-04
80019849260,2021-03-05
80249422649,2021-03-06
79538139964,2021-03-07
79818737051,2021-03-08
78902832005,2021-03-09
79671036744,2021-03-10
79001506959,2021-03-11
79556087380,2021-03-12
80234090662,2021-03-13
80046162944,2021-03-14
79214395297,2021-03-15
80040726727,2021-03-16
79744246673,2021-03-17
79739395817,2021-03-18
79958570114,2021-03-19
80161507436,2021-03-20
79200529917,2021-03-21
79785214325,2021-03-22
79905668649,2021-03-23
79548914811,2021-03-24
80237958310,2021-03-25
80287235531,2021-03-26
79754599779,2021-03-27
79770842362,2021-03-28
80013370468,2021-03-29
79911244661,2021-03-30
79387330350,2021-03-31
80091331500,2021-04-01
79316513873,2021-04-02
80093593363,2021-04-03
80523140559,2021-04-04
80159854618,2021-04-05
79723268992,2021-04-06
80547203097,2021-04-07
79553793961,2021-04-08
79631351659,2021-04-09
81132935750,2021-04-10
80836454351,2021-04-11
80415879319,2021-04-12
79855612870,2021-04-13
79626845057,2021-04-14
80284736937,2021-04-15
79531704209,2021-04-16
79871137863,2021-04-17
80479057832,2021-04-18
79088526357,2021-04-19
82297440775,2021-04-20
89806676193,2021-04-21
94584944807,2021-04-22
95141284442,2021-04-23
95917365091,2021-04-24
96236026619,2021-04-25
95330862069,2021-04-26
94915300821,2021-04-27
95123656796,2021-04-28
95012776788,2021-04-29
94803456663,2021-04-30
95290204712,2021-05-01
94556510855,2021-05-02
95790355336,2021-05-03
95875907776,2021-05-04
96199371931,2021-05-05
95663643381,2021-05-06
95605522436,2021-05-07
96008381970,2021-05-08
95489593727,2021-05-09
96447624016,2021-05-10
95046499407,2021-05-11
95077202653,2021-05-12
96657984978,2021-05-13
95972463299,2021-05-14
95725781213,2021-05-15
95494911627,2021-05-16
95097126243,2021-05-17
95726718232,2021-05-18
94910292869,2021-05-19
95438214314,2021-05-20
94923757148,2021-05-21
95418508329,2021-05-22
95430530877,2021-05-23
95872434996,2021-05-24
94866224519,2021-05-25
95304448386,2021-05-26
94639468069,2021-05-27
95473480511,2021-05-28
95417920865,2021-05-29
94809939434,2021-05-30
94972163339,2021-05-31
95819266290,2021-06-01
96056540196,2021-06-02
94595742989,2021-06-03
96061501345,2021-06-04
94833549129,2021-06-05
93657111945,2021-06-06
94242071045,2021-06-07
95721239854,2021-06-08
95297492694,2021-06-09
95141722501,2021-06-10
95500390909,2021-06-11
93876634499,2021-06-12
93029865383,2021-06-13
94099179509,2021-06-14
95755505374,2021-06-15
93867427931,2021-06-16
95258174740,2021-06-17
94174859945,2021-06-18
93040728925,2021-06-19
92801535271,2021-06-20
93038301697,2021-06-21
95095274189,2021-06-22
94549621038,2021-06-23
94331828419,2021-06-24
93383155630,2021-06-25
93747015114,2021-06-26
92776556296,2021-06-27
94968347588,2021-06-28
94374652810,2021-06-29
95031806062,2021-06-30
93479021158,2021-07-01
94249085578,2021-07-02
93484743637,2021-07-03
93827351324,2021-07-04
93195566119,2021-07-05
94483893834,2021-07-06
94335807377,2021-07-07
95076027836,2021-07-08
94326869171,2021-07-09
94446379615,2021-07-10
93265830570,2021-07-11
93871826751,2021-07-12
93137262876,2021-07-13
94121053020,2021-07-14
94819285684,2021-07-15
93580151869,2021-07-16
93919147401,2021-07-17
94003200398,2021-07-18
94767271033,2021-07-19
93352724420,2021-07-20
94592181807,2021-07-21
94808278622,2021-07-22
93845459858,2021-07-23
95372931298,2021-07-24
94395717982,2021-07-25
93773449795,2021-07-26
92913043177,2021-07-27
93179229936,2021-07-28
93872218975,2021-07-29
92471669912,2021-07-30
93072315366,2021-07-31
93342589782,2021-08-01
94606443645,2021-08-02
93545726322,2021-08-03
93440178362,2021-08-04
94449876233,2021-08-05
99833807530,2021-08-06
101523049266,2021-08-07
100515275100,2021-08-08
100658630450,2021-08-09
100743448657,2021-08-10
99032450052,2021-08-11
100618285838,2021-08-12
100137267017,2021-08-13
100522547923,2021-08-14
99379334111,2021-08-15
100445846889,2021-08-16
100680820245,2021-08-17
98851968299,2021-08-18
101304757807,2021-08-19
99940118989,2021-08-20
99756143054,2021-08-21
101082305531,2021-08-22
99288240247,2021-08-23
100637826151,2021-08-24
99457429577,2021-08-25
100446975073,2021-08-26
99511881806,2021-08-27
99488799028,2021-08-28
100288422076,2021-08-29
99930229488,2021-08-30
99588309787,2021-08-31
99646996226,2021-09-01
100979536811,2021-09-02
99868846816,2021-09-03
99497548506,2021-09-04
101113618184,2021-09-05
99764274456,2021-09-06
99040740463,2021-09-07
100225835088,2021-09-08
99862901657,2021-09-09
99669661930,2021-09-10
98832823573,2021-09-11
101084407772,2021-09-12
99078484615,2021-09-13
99792266403,2021-09-14
99705020379,2021-09-15
100171656930,2021-09-16
99898437187,2021-09-17
99588089079,2021-09-18
100682356600,2021-09-19
99295159913,2021-09-20
100098839443,2021-09-21
99368407926,2021-09-22
98795997873,2021-09-23
99488910998,2021-09-24
101428978144,2021-09-25
98729453261,2021-09-26
99668379770,2021-09-27
98121131129,2021-09-28
99024382289,2021-09-29
97958729328,2021-09-30
99940537596,2021-10-01
98607821850,2021-10-02
98254946022,2021-10-03
98521267138,2021-10-04
98749386920,2021-10-05
99234890332,2021-10-06
97564435387,2021-10-07
99080580257,2021-10-08
97972965669,2021-10-09
98475597666,2021-10-10
98682802052,2021-10-11
98036296850,2021-10-12
97733405137,2021-10-13
97754677280,2021-10-14
97560326707,2021-10-15
99385187004,2021-10-16
98619555604,2021-10-17
97462750354,2021-10-18
99404881141,2021-10-19
98176164702,2021-10-20
100112401015,2021-10-21
99057211828,2021-10-22
98120356350,2021-10-23
98235649057,2021-10-24
99167904953,2021-10-25
99081985112,2021-10-26
97983958255,2021-10-27
98966629712,2021-10-28
98347489308,2021-10-29
98002210468,2021-10-30
97551234641,2021-10-31
99188257225,2021-11-01
97381906892,2021-11-02
98615686109,2021-11-03
96926416150,2021-11-04
99426765719,2021-11-05
97806897593,2021-11-06
99639707191,2021-11-07
98044586198,2021-11-08
98253505445,2021-11-09
98479436388,2021-11-10
98331547441,2021-11-11
98993755682,2021-11-12
97438506061,2021-11-13
97925457176,2021-11-14
97422476367,2021-11-15
96356492010,2021-11-16
98477697827,2021-11-17
98258045079,2021-11-18
96064983806,2021-11-19
97067685699,2021-11-20
97039418838,2021-11-21
98175509324,2021-11-22
97654433985,2021-11-23
97186997792,2021-11-24
97167359357,2021-11-25
95847643629,2021-11-26
98527637239,2021-11-27
96546465274,2021-11-28
95710323947,2021-11-29
96588497458,2021-11-30
96173608919,2021-12-01
96347004529,2021-12-02
96999612609,2021-12-03
95181800981,2021-12-04
96094328220,2021-12-05
96719652729,2021-12-06
96622508037,2021-12-07
96069191326,2021-12-08
96888034495,2021-12-09
99206691191,2021-12-10
100289873438,2021-12-11
100783092953,2021-12-12
100242813459,2021-12-13
98661297954,2021-12-14
100002585601,2021-12-15
98878029798,2021-12-16
99899533626,2021-12-17
100499502434,2021-12-18
99832932492,2021-12-19
101019415970,2021-12-20
99582538677,2021-12-21
99157641835,2021-12-22
99088233365,2021-12-23
99799023582,2021-12-24
99831016454,2021-12-25
99855677488,2021-12-26
100081178539,2021-12-27
99401788712,2021-12-28
100776349968,2021-12-29
99300781355,2021-12-30
98452603391,2021-12-31
100551171640,2022-01-01
100382404399,2022-01-02
99902168488,2022-01-03
100329879686,2022-01-04
99810024407,2022-01-05
98715972119,2022-01-06
99146545762,2022-01-07
100857814197,2022-01-08
100476979381,2022-01-09
99281434205,2022-01-10
100891618639,2022-01-11
99719511847,2022-01-12
99513142623,2022-01-13
99422947837,2022-01-14
100206226555,2022-01-15
100594113972,2022-01-16
99815462331,2022-01-17
99858454979,2022-01-18
100052859737,2022-01-19
100294943392,2022-01-20
98762028421,2022-01-21
101120789675,2022-01-22
99789268485,2022-01-23
99595606525,2022-01-24
99759441501,2022-01-25
99308664042,2022-01-26
100202326378,2022-01-27
99861682821,2022-01-28
99767539055,2022-01-29
101015302553,2022-01-30
99935919102,2022-01-31
100558993129,2022-02-01
99562179696,2022-02-02
99223355169,2022-02-03
101259761147,2022-02-04
98610252392,2022-02-05
101060738866,2022-02-06
99822018827,2022-02-07
99269806634,2022-02-08
100061769505,2022-02-09
99386734077,2022-02-10
100665610566,2022-02-11
100014118266,2022-02-12
100037388671,2022-02-13
99722263943,2022-02-14
100831175316,2022-02-15
98962084941,2022-02-16
100196760599,2022-02-17
99200040530,2022-02-18
99086540782,2022-02-19
100753877509,2022-02-20
99458416983,2022-02-21
99922748791,2022-02-22
100213758975,2022-02-23
100041030663,2022-02-24
99365667968,2022-02-25
99952445402,2022-02-26
100318695332,2022-02-27
99340469987,2022-02-28
100279202715,2022-03-01
98933121163,2022-03-02
99736545706,2022-03-03
100357669416,2022-03-04
98482683212,2022-03-05
99299521110,2022-03-06
99500363367,2022-03-07
98752843082,2022-03-08
100544327866,2022-03-09
100095014360,2022-03-10
97910888957,2022-03-11
100589272050,2022-03-12
97791785234,2022-03-13
99864155336,2022-03-14
98984054418,2022-03-15
98805170056,2022-03-16
99184588781,2022-03-17
99161213375,2022-03-18
99571956146,2022-03-19
99275340974,2022-03-20
99013394578,2022-03-21
99613314092,2022-03-22
99612247935,2022-03-23
99189946100,2022-03-24
99272958912,2022-03-25
98940976696,2022-03-26
98910506611,2022-03-27
99771668305,2022-03-28
99645982225,2022-03-29
98721281918,2022-03-30
99115196999,2022-03-31
99346344122,2022-04-01
98039013271,2022-04-02
99282411787,2022-04-03
97781137244,2022-04-04
99459066254,2022-04-05
99139016543,2022-04-06
99243188810,2022-04-07
97858557778,2022-04-08
99357632703,2022-04-09
98912391764,2022-04-10
99678938012,2022-04-11
99574973446,2022-04-12
97411964635,2022-04-13
99046431612,2022-04-14
99114148066,2022-04-15
99041056691,2022-04-16
99440102539,2022-04-17
98097275103,2022-04-18
99084068724,2022-04-19
99263808769,2022-04-20
97053544703,2022-04-21
98975211245,2022-04-22
98323964764,2022-04-23
98465986133,2022-04-24
97902644367,2022-04-25
97658484485,2022-04-26
98335246396,2022-04-27
98039520755,2022-04-28
98434881972,2022-04-29
98153074828,2022-04-30
98510792669,2022-05-01
98180337177,2022-05-02
97777976434,2022-05-03
96683775665,2022-05-04
97083472030,2022-05-05
97201691297,2022-05-06
96599994965,2022-05-07
97690614472,2022-05-08
95680347070,2022-05-09
95488713295,2022-05-10
97702640687,2022-05-11
95283705200,2022-05-12
98031701993,2022-05-13
96220147419,2022-05-14
96964340072,2022-05-15
97122482695,2022-05-16
96997012197,2022-05-17
96468231165,2022-05-18
94253163207,2022-05-19
95009534679,2022-05-20
95175945024,2022-05-21
94638839114,2022-05-22
95841970142,2022-05-23
93837095529,2022-05-24
95176835979,2022-05-25
94097522333,2022-05-26
95872773180,2022-05-27
95084172922,2022-05-28
95178248082,2022-05-29
94130139895,2022-05-30
94904786888,2022-05-31
94443574533,2022-06-01
95057221028,2022-06-02
94755078757,2022-06-03
91089869697,2022-06-04
91697428958,2022-06-05
89469322378,2022-06-06
92030193176,2022-06-07
90719260050,2022-06-08
89826067674,2022-06-09
90849109233,2022-06-10
90599999081,2022-06-11
89982242315,2022-06-12
89875295152,2022-06-13
88530537850,2022-06-14
88606494004,2022-06-15
89730543543,2022-06-16
90475501756,2022-06-17
89568888054,2022-06-18
88054100581,2022-06-19
90402319243,2022-06-20
84351907708,2022-06-21
82629682457,2022-06-22
81842123862,2022-06-23
82845054114,2022-06-24
82405792759,2022-06-25
81901843358,2022-06-26
83568687998,2022-06-27
81996079325,2022-06-28
82160335170,2022-06-29
86816871301,2022-06-30
99406440441,2022-07-01
100084933083,2022-07-02
101012127358,2022-07-03
99441600929,2022-07-04
99995256164,2022-07-05
100070200552,2022-07-06
99021803505,2022-07-07
101102471493,2022-07-08
99009979795,2022-07-09
100203056913,2022-07-10
100179941352,2022-07-11
100441517780,2022-07-12
98866166449,2022-07-13
101052361072,2022-07-14
99137952483,2022-07-15
99553335089,2022-07-16
99066134623,2022-07-17
99662588884,2022-07-18
99932278005,2022-07-19
99163183692,2022-07-20
100029660672,2022-07-21
99713781848,2022-07-22
99642539189,2022-07-23
98841065581,2022-07-24
99004216225,2022-07-25
98326560638,2022-07-26
99355794116,2022-07-27
99217405154,2022-07-28
99079281547,2022-07-29
99101298131,2022-07-30
98952796744,2022-07-31
99547144706,2022-08-01
99407632790,2022-08-02
98123247291,2022-08-03
98522402092,2022-08-04
100559525897,2022-08-05
98573159936,2022-08-06
99818611999,2022-08-07
99327799272,2022-08-08
97728945314,2022-08-09
98568212618,2022-08-10
97355434730,2022-08-11
97960064112,2022-08-12
98493844066,2022-08-13
97678979135,2022-08-14
96697305915,2022-08-15
98528466853,2022-08-16
97154210321,2022-08-17
98028776281,2022-08-18
96577110972,2022-08-19
98009097771,2022-08-20
98386295310,2022-08-21
97005686170,2022-08-22
98040394501,2022-08-23
96811556726,2022-08-24
95881269469,2022-08-25
96499043968,2022-08-26
96124553471,2022-08-27
96593800009,2022-08-28
97680006048,2022-08-29
96006677870,2022-08-30
96471876406,2022-08-31
96644833871,2022-09-01
97130733077,2022-09-02
95883189919,2022-09-03
97109223152,2022-09-04
95442665771,2022-09-05
96698543946,2022-09-06
95850417183,2022-09-07
97284259259,2022-09-08
93636701102,2022-09-09
93330675556,2022-09-10
93722612993,2022-09-11
93421775515,2022-09-12
93677408394,2022-09-13
91262167192,2022-09-14
103067634872,2022-09-15
108453581716,2022-09-16
109100642086,2022-09-17
109110713999,2022-09-18
109013376094,2022-09-19
109254223109,2022-09-20
108040126300,2022-09-21
109307438549,2022-09-22
109526146952,2022-09-23
109572454063,2022-09-24
109579680394,2022-09-25
109346730346,2022-09-26
109297797714,2022-09-27
109543773900,2022-09-28
109491231482,2022-09-29
109541453283,2022-09-30
109108987097,2022-10-01
109719958621,2022-10-02
109492675920,2022-10-03
109037577801,2022-10-04
109349771260,2022-10-05
109416859323,2022-10-06
109336193777,2022-10-07
109875585715,2022-10-08
109771966121,2022-10-09
109776077729,2022-10-10
109645622117,2022-10-11
109724089651,2022-10-12
109491056408,2022-10-13
109650526022,2022-10-14
110059417811,2022-10-15
109674126042,2022-10-16
109416569916,2022-10-17
109592138248,2022-10-18
109295399508,2022-10-19
109441214403,2022-10-20
109473590504,2022-10-21
109532890949,2022-10-22
109393735408,2022-10-23
108818290541,2022-10-24
109125581993,2022-10-25
109177175297,2022-10-26
109210512012,2022-10-27
108947947242,2022-10-28
108970962293,2022-10-29
109228337759,2022-10-30
109121771246,2022-10-31
108217436083,2022-11-01
108793115483,2022-11-02
108621510684,2022-11-03
108693965561,2022-11-04
108844393697,2022-11-05
108919468315,2022-11-06
108677009832,2022-11-07
108583604518,2022-11-08
108299939601,2022-11-09
108380276878,2022-11-10
108339796458,2022-11-11
108818069599,2022-11-12
108824189684,2022-11-13
108646738930,2022-11-14
108221063048,2022-11-15
108477331176,2022-11-16
108537491636,2022-11-17
108729791976,2022-11-18
108999121607,2022-11-19
108789806026,2022-11-20
108637372869,2022-11-21
108480845803,2022-11-22
108342267119,2022-11-23
109069581517,2022-11-24
108956986790,2022-11-25
108952605574,2022-11-26
108992617864,2022-11-27
108897457661,2022-11-28
108489365793,2022-11-29
108391371349,2022-11-30
108779963075,2022-12-01
108792905931,2022-12-02
108868247657,2022-12-03
108904070646,2022-12-04
108517515412,2022-12-05
108837484998,2022-12-06
107539500950,2022-12-07
108939415612,2022-12-08
108331369174,2022-12-09
108895780541,2022-12-10
108984491809,2022-12-11
108625632250,2022-12-12
108260607320,2022-12-13
108590109025,2022-12-14
108492965775,2022-12-15
108372601275,2022-12-16
108572437709,2022-12-17
108807787862,2022-12-18
108700457741,2022-12-19
108487225322,2022-12-20
108563342135,2022-12-21
108911616707,2022-12-22
108881359150,2022-12-23
109058033654,2022-12-24
109290486943,2022-12-25
108872724671,2022-12-26
108656647519,2022-12-27
108841680311,2022-12-28
108700723789,2022-12-29
108806086964,2022-12-30
108974810629,2022-12-31
109416864544,2023-01-01
108874501515,2023-01-02
108801053845,2023-01-03
108692832217,2023-01-04
108340300221,2023-01-05
108507163127,2023-01-06
108848348035,2023-01-07
108934894219,2023-01-08
108487247175,2023-01-09
108546981800,2023-01-10
108341853491,2023-01-11
108298134693,2023-01-12
108415246629,2023-01-13
108511834059,2023-01-14
108296985205,2023-01-15
108392695584,2023-01-16
108533581326,2023-01-17
108422817169,2023-01-18
108403070550,2023-01-19
108678906123,2023-01-20
108545506698,2023-01-21
108891672082,2023-01-22
108832752249,2023-01-23
108630100527,2023-01-24
108543093004,2023-01-25
108499288876,2023-01-26
108403225441,2023-01-27
108897299392,2023-01-28
108677977525,2023-01-29
108519642064,2023-01-30
108506882047,2023-01-31
108362374217,2023-02-01
108031130324,2023-02-02
108162318070,2023-02-03
108299159490,2023-02-04
108469992015,2023-02-05
108517726041,2023-02-06
108090755040,2023-02-07
107868173706,2023-02-08
108244669031,2023-02-09
108391449606,2023-02-10
108515206975,2023-02-11
108568583883,2023-02-12
108349415809,2023-02-13
108359165487,2023-02-14
107997105063,2023-02-15
108119870192,2023-02-16
107246290313,2023-02-17
107572535768,2023-02-18
107713385506,2023-02-19
107899731637,2023-02-20
107662798019,2023-02-21
107473851064,2023-02-22
107653828349,2023-02-23
107279613495,2023-02-24
107829588302,2023-02-25
108007550257,2023-02-26
108031903221,2023-02-27
107546631941,2023-02-28
107745380322,2023-03-01
107401831106,2023-03-02
107393412339,2023-03-03
107602711572,2023-03-04
107762761412,2023-03-05
107548617057,2023-03-06
107562148529,2023-03-07
107453748231,2023-03-08
107464689660,2023-03-09
107092774949,2023-03-10
107406601881,2023-03-11
107587798681,2023-03-12
107624028213,2023-03-13
107691890022,2023-03-14
107370864301,2023-03-15
107719498729,2023-03-16
107604222912,2023-03-17
107734484837,2023-03-18
107817087999,2023-03-19
107869280107,2023-03-20
107635218371,2023-03-21
107701268710,2023-03-22
107437913338,2023-03-23
107615992484,2023-03-24
107672872204,2023-03-25
107663643041,2023-03-26
107547095988,2023-03-27
107485212888,2023-03-28
107463463555,2023-03-29
107533384225,2023-03-30
107700474728,2023-03-31
107529415269,2023-04-01
107626049500,2023-04-02
107037840970,2023-04-03
106177044843,2023-04-04
106356342432,2023-04-05
105776576985,2023-04-06
106860372535,2023-04-07
107120954401,2023-04-08
106893733595,2023-04-09
107032998644,2023-04-10
106784181483,2023-04-11
106137704453,2023-04-12
98436638731,2023-04-13
105789466253,2023-04-14
106457746379,2023-04-15
107230247516,2023-04-16
106808408036,2023-04-17
106664480401,2023-04-18
106843098443,2023-04-19
105985846427,2023-04-20
107249131290,2023-04-21
108423556871,2023-04-22
108085854588,2023-04-23
108014860253,2023-04-24
107873465063,2023-04-25
107927969997,2023-04-26
107875694472,2023-04-27
107817932488,2023-04-28
108087574757,2023-04-29
107706289723,2023-04-30
107196873962,2023-05-01
107240872645,2023-05-02
107086874844,2023-05-03
107530035553,2023-05-04
107417422783,2023-05-05
107046934391,2023-05-06
107252572775,2023-05-07
107204455706,2023-05-08
107266164871,2023-05-09
107187594512,2023-05-10
106161330919,2023-05-11
104370265978,2023-05-12
107025026375,2023-05-13
106679554770,2023-05-14
106932692984,2023-05-15
106956196846,2023-05-16
106831578600,2023-05-17
107300431213,2023-05-18
106913303098,2023-05-19
107536762351,2023-05-20
107273204402,2023-05-21
107282391014,2023-05-22
106998325104,2023-05-23
107274099805,2023-05-24
107274449146,2023-05-25
107410414294,2023-05-26
107791884429,2023-05-27
107757309494,2023-05-28
107276073506,2023-05-29
107146267870,2023-05-30
107125029717,2023-05-31
107157192361,2023-06-01
107030947075,2023-06-02
107401282557,2023-06-03
107373427304,2023-06-04
106761026406,2023-06-05
107116134888,2023-06-06
107236675543,2023-06-07
107159303428,2023-06-08
107509103164,2023-06-09
107523718145,2023-06-10
107844501180,2023-06-11
107596394105,2023-06-12
107823692688,2023-06-13
107340713262,2023-06-14
107253838737,2023-06-15
107574462278,2023-06-16
108193451420,2023-06-17
108261848267,2023-06-18
107942591038,2023-06-19
107761196712,2023-06-20
107844861509,2023-06-21
23139144046,2023-06-22
